{
  "eslint.config.js": 1776452679.171937,
  "jest.config.js": 1780179037.931775,
  "jest.setup.js": 1776564138.3613584,
  "lighthouserc.js": 1779496315.0417714,
  "playwright.config.ts": 1779066084.8113513,
  "app\\_layout.tsx": 1779621149.5506628,
  "app\\(auth)\\sign-in.tsx": 1779621149.5465536,
  "app\\(auth)\\sign-up.tsx": 1779621149.5465536,
  "app\\(auth)\\_layout.tsx": 1779621149.545553,
  "app\\(tabs)\\discover.tsx": 1779621149.5486639,
  "app\\(tabs)\\index.tsx": 1779630510.217229,
  "app\\(tabs)\\library.tsx": 1779621149.549662,
  "app\\(tabs)\\profile.tsx": 1780161455.3166049,
  "app\\(tabs)\\_layout.tsx": 1779621149.5475535,
  "coverage\\block-navigation.js": 1779492925.7281783,
  "coverage\\prettify.js": 1779492925.7319481,
  "coverage\\sorter.js": 1779492925.73034,
  "coverage\\lcov-report\\block-navigation.js": 1779492925.6580741,
  "coverage\\lcov-report\\prettify.js": 1779492925.660289,
  "coverage\\lcov-report\\sorter.js": 1779492925.660289,
  "dist-preview\\_expo\\static\\js\\web\\index-f2eb6a332e5b60b639be5dbaa0c0186d.js": 1776388028.6703835,
  "e2e\\home.spec.ts": 1779496315.041107,
  "ota-server\\jest.config.js": 1780161240.6623147,
  "ota-server\\coverage\\lcov-report\\block-navigation.js": 1776579674.1922665,
  "ota-server\\coverage\\lcov-report\\prettify.js": 1776579674.1949039,
  "ota-server\\coverage\\lcov-report\\sorter.js": 1776579674.1932683,
  "ota-server\\public\\admin\\app.js": 1780200596.2705739,
  "ota-server\\public\\admin\\charts.js": 1776575887.880084,
  "ota-server\\scripts\\migrate-sqlite-to-pg.ts": 1779021338.8369195,
  "ota-server\\src\\db-adapter.ts": 1779021338.8369195,
  "ota-server\\src\\db.ts": 1780200459.1713066,
  "ota-server\\src\\index.ts": 1780200344.1007426,
  "ota-server\\src\\logger.ts": 1779021338.7375877,
  "ota-server\\src\\migrate.ts": 1779021338.837953,
  "ota-server\\src\\redis.ts": 1779021338.837953,
  "ota-server\\src\\rolloutScheduler.ts": 1780161901.1184433,
  "ota-server\\src\\tracing.ts": 1779021339.0296798,
  "ota-server\\src\\ws.ts": 1779021338.7405894,
  "ota-server\\src\\middleware\\actor.ts": 1779584265.527315,
  "ota-server\\src\\middleware\\auth.ts": 1780198244.975628,
  "ota-server\\src\\routes\\adminSession.ts": 1780200317.0247216,
  "ota-server\\src\\routes\\alerts.ts": 1779021339.0266812,
  "ota-server\\src\\routes\\auditLog.ts": 1776564138.3673584,
  "ota-server\\src\\routes\\config.ts": 1780200491.8169253,
  "ota-server\\src\\routes\\errors.ts": 1776571597.3606863,
  "ota-server\\src\\routes\\experiments.ts": 1780200704.0856085,
  "ota-server\\src\\routes\\flags.ts": 1780200383.94267,
  "ota-server\\src\\routes\\killSwitches.ts": 1780200443.5356946,
  "ota-server\\src\\routes\\metrics.ts": 1779021339.0276794,
  "ota-server\\src\\routes\\perfMetrics.ts": 1776571539.5747457,
  "ota-server\\src\\routes\\prometheusMetrics.ts": 1779021338.7385879,
  "ota-server\\src\\routes\\releases.ts": 1779584265.5930846,
  "ota-server\\src\\routes\\rollbacks.ts": 1779021339.028679,
  "ota-server\\src\\routes\\schedules.ts": 1779584265.6064003,
  "ota-server\\src\\routes\\segments.ts": 1779584265.6337624,
  "ota-server\\src\\routes\\updateEvents.ts": 1776571560.211874,
  "ota-server\\src\\routes\\urls.ts": 1776564138.3693583,
  "ota-server\\src\\services\\alertEngine.ts": 1780182837.3546515,
  "ota-server\\src\\services\\audit.ts": 1780200676.4224415,
  "ota-server\\src\\services\\cleanup.ts": 1779021339.0296798,
  "ota-server\\src\\services\\errorGrouper.ts": 1780200539.0120485,
  "ota-server\\src\\services\\notifier.ts": 1780200354.1037378,
  "ota-server\\src\\services\\targeting.ts": 1779593338.7031345,
  "ota-server\\src\\utils\\hash.ts": 1776564138.370471,
  "ota-server\\src\\utils\\semver.ts": 1776564138.3714707,
  "ota-server\\src\\__tests__\\db.test.ts": 1779584265.3029609,
  "ota-server\\src\\__tests__\\testApp.ts": 1780200862.3130355,
  "ota-server\\src\\__tests__\\routes\\alerts.test.ts": 1776578197.8385184,
  "ota-server\\src\\__tests__\\routes\\auditLog.test.ts": 1776579451.1966803,
  "ota-server\\src\\__tests__\\routes\\config.test.ts": 1779584265.3255737,
  "ota-server\\src\\__tests__\\routes\\errors.test.ts": 1776578239.715665,
  "ota-server\\src\\__tests__\\routes\\experiments.test.ts": 1780218562.350052,
  "ota-server\\src\\__tests__\\routes\\flags.test.ts": 1779584265.335922,
  "ota-server\\src\\__tests__\\routes\\killSwitches.test.ts": 1776579409.5511243,
  "ota-server\\src\\__tests__\\routes\\metrics.test.ts": 1776579439.5231664,
  "ota-server\\src\\__tests__\\routes\\perfMetrics.test.ts": 1776578003.7455773,
  "ota-server\\src\\__tests__\\routes\\releases.test.ts": 1776579632.6773286,
  "ota-server\\src\\__tests__\\routes\\rollbacks.test.ts": 1776579509.896001,
  "ota-server\\src\\__tests__\\routes\\schedules.test.ts": 1779584265.398384,
  "ota-server\\src\\__tests__\\routes\\segments.test.ts": 1779584265.429134,
  "ota-server\\src\\__tests__\\routes\\updateEvents.test.ts": 1776578178.8907008,
  "ota-server\\src\\__tests__\\routes\\urls.test.ts": 1776579426.4057195,
  "ota-server\\src\\__tests__\\services\\targeting.test.ts": 1779584265.4376707,
  "scripts\\check-deps.js": 1779021338.838908,
  "scripts\\fix-pnpm-workflows.py": 1779066085.1448524,
  "src\\components\\OnboardingModal.tsx": 1779613896.4626086,
  "src\\components\\PremiumUpsellCard.tsx": 1779584265.6659667,
  "src\\components\\UpdateBanner.tsx": 1779621149.5717683,
  "src\\components\\player\\MiniPlayer.tsx": 1779621149.5727665,
  "src\\components\\player\\NowPlaying.tsx": 1779621149.573766,
  "src\\components\\track\\TrackCard.tsx": 1779621149.573766,
  "src\\components\\track\\TrackRow.tsx": 1779621149.574765,
  "src\\components\\ui\\CopyRow.tsx": 1780181137.6170578,
  "src\\components\\ui\\Pill.tsx": 1779621149.574765,
  "src\\components\\ui\\SectionLabel.tsx": 1779621149.5757656,
  "src\\contexts\\OtaContext.tsx": 1779487902.7166998,
  "src\\contexts\\RemoteConfigContext.tsx": 1779621149.5767655,
  "src\\hooks\\useExperimentTracking.ts": 1779621149.5767655,
  "src\\hooks\\useMiniPlayerPadding.ts": 1779621149.5777657,
  "src\\hooks\\useOtaUpdate.ts": 1780161882.3123152,
  "src\\hooks\\useRemoteConfig.tsx": 1779487902.7605429,
  "src\\services\\deezer.ts": 1780162014.330875,
  "src\\services\\library.ts": 1779621149.5787683,
  "src\\services\\offline.ts": 1779601389.4130635,
  "src\\services\\player.tsx": 1779621149.580331,
  "src\\services\\config\\ConfigClient.ts": 1780182964.677284,
  "src\\services\\config\\storage.ts": 1779487902.841248,
  "src\\services\\config\\types.ts": 1779584265.691804,
  "src\\services\\config\\wsClient.ts": 1779487902.8604672,
  "src\\services\\ota\\crashTracker.ts": 1776514066.2991347,
  "src\\services\\ota\\deviceId.ts": 1776514066.304133,
  "src\\services\\ota\\ErrorReporter.ts": 1779487902.9167573,
  "src\\services\\ota\\EventReporter.ts": 1779487902.9327798,
  "src\\services\\ota\\OtaClient.ts": 1780182968.3074727,
  "src\\services\\ota\\PerfTracker.ts": 1779487903.0810494,
  "src\\services\\ota\\rollout.ts": 1779487903.0848522,
  "src\\services\\ota\\semver.ts": 1779487903.0901282,
  "src\\services\\ota\\storage.ts": 1776514066.3606472,
  "src\\services\\ota\\types.ts": 1776514066.3666499,
  "src\\utils\\configClientRef.ts": 1779621149.580331,
  "src\\utils\\hash.ts": 1779487903.1278052,
  "src\\__tests__\\components\\track\\TrackRow.test.tsx": 1779621149.566767,
  "src\\__tests__\\components\\ui\\CopyRow.test.tsx": 1780181137.6160939,
  "src\\__tests__\\components\\ui\\Pill.test.tsx": 1779621149.5677652,
  "src\\__tests__\\hooks\\useOtaUpdate.test.ts": 1779621149.5677652,
  "src\\__tests__\\hooks\\useRemoteConfig.test.tsx": 1779487902.19752,
  "src\\__tests__\\screens\\HomeScreen.test.tsx": 1780181137.6170578,
  "src\\__tests__\\services\\deezer.test.ts": 1779621149.5697656,
  "src\\__tests__\\services\\library.test.ts": 1779621149.5697656,
  "src\\__tests__\\services\\player.test.ts": 1779621149.5707684,